Sentence,AFINN Score of Sentence,Sentence Word Count,Total AFINN Score
1,-1.0,2,-1.0
2,0.0,22,-1.0
3,-4.0,14,-5.0
4,0.0,13,-5.0
5,0.0,11,-5.0
6,4.0,28,-1.0
7,0.0,16,-1.0
8,-5.166666666666666,42,-6.166666666666666
9,10.333333333333334,45,4.166666666666668
10,-4.0,32,0.16666666666666785
11,1.0,15,1.1666666666666679
12,-3.0,18,-1.8333333333333321
