Sentence,AFINN Score of Sentence,Sentence Word Count,Total AFINN Score
1,-1.0,6,-1.0
2,1.0,36,0.0
3,-1.0,33,-1.0
4,6.0,25,5.0
5,12.0,69,17.0
6,2.0,33,19.0
7,6.7,43,25.7
8,2.5,23,28.2
9,-2.0,13,26.2
10,5.0,26,31.2
11,-0.7411764705882353,27,30.458823529411763
12,2.958823529411765,48,33.417647058823526
13,11.5,62,44.917647058823526
14,1.0,12,45.917647058823526
